Model,RMSE,MAE,R²,Dir_Acc_%
Naive,0.008695,0.008695,0.9806,49.64
MA-21,0.027557,0.027557,0.8052,55.7
"GARCH(1,1)",0.105442,0.105442,-1.8514,48.68
